Workbook

Sheet Data
A1: Product ID | B1: Product Name | C1: Category | D1: Opening Stock | E1: Purchase/Stock in | F1: Units Sold | G1: Hand-In-Stock | H1: Cost Price Per Unit (USD) | I1: Cost Price Total (USD) | J1: Sell-Through Rate
A2: P101 | B2: Laptop | C2: Computing | D2: 50 | E2: 20 | F2: 10 | G2: 60 | H2: 1200 | I2: 72000 | J2: =F2/(D2+E2)
A3: P102 | B3: Monitor | C3: Monitors | D3: 40 | E3: 15 | F3: 5 | G3: 50 | H3: 500 | I3: 25000 | J3: =F3/(D3+E3)
A4: P103 | B4: Keyboard | C4: Peripherals | D4: 60 | E4: 25 | F4: 15 | G4: 70 | H4: 50 | I4: 3500 | J4: =F4/(D4+E4)
A5: P104 | B5: Headphones | C5: Audio | D5: 30 | E5: 10 | F5: 3 | G5: 37 | H5: 100 | I5: 3700 | J5: =F5/(D5+E5)
A6: P105 | B6: Smartphone | C6: Computing | D6: 70 | E6: 30 | F6: 20 | G6: 80 | H6: 900 | I6: 72000 | J6: =F6/(D6+E6)
A7: P106 | B7: Tablet | C7: Computing | D7: 45 | E7: 18 | F7: 8 | G7: 55 | H7: 700 | I7: 38500 | J7: =F7/(D7+E7)
A8: P107 | B8: Router | C8: Networking | D8: 55 | E8: 22 | F8: 12 | G8: 65 | H8: 150 | I8: 9750 | J8: =F8/(D8+E8)
A9: P108 | B9: External Hard Drive | C9: Storage | D9: 25 | E9: 12 | F9: 5 | G9: 32 | H9: 200 | I9: 6400 | J9: =F9/(D9+E9)
A10: P109 | B10: Wireless Earbuds | C10: Audio | D10: 35 | E10: 15 | F10: 7 | G10: 43 | H10: 80 | I10: 3440 | J10: =F10/(D10+E10)
A11: P110 | B11: Webcam | C11: Peripherals | D11: 40 | E11: 20 | F11: 10 | G11: 50 | H11: 60 | I11: 3000 | J11: =F11/(D11+E11)
A12: P111 | B12: Desk Chair | C12: Furniture | D12: 20 | E12: 8 | F12: 3 | G12: 25 | H12: 150 | I12: 3750 | J12: =F12/(D12+E12)
A13: P112 | B13: Desk Lamp | C13: Furniture | D13: 30 | E13: 15 | F13: 7 | G13: 38 | H13: 30 | I13: 1140 | J13: =F13/(D13+E13)
... A47: P146 | B47: Gaming Desk | C47: Gaming | D47: 25 | E47: 10 | F47: 3 | G47: 28 | H47: 150 | I47: 4200 | J47: =F47/(D47+E47)

Sheet Analysis
A1: Category | B1: Product Count | C1: Opening Stock | D1: Purchases | E1: Units Sold | F1: Hand-In-Stock | G1: Inventory Value | H1: Avg Cost/Unit | I1: Sell-Through Rate
A2: Computing | B2: =COUNTIF(Data!C2:C47,A2) | C2: =SUMIF(Data!C2:C47,A2,Data!D2:D47) | D2: =SUMIF(Data!C2:C47,A2,Data!E2:E47) | E2: =SUMIF(Data!C2:C47,A2,Data!F2:F47) | F2: =SUMIF(Data!C2:C47,A2,Data!G2:G47) | G2: =SUMIF(Data!C2:C47,A2,Data!I2:I47) | H2: =IF(F2=0,0,G2/F2) | I2: =IF((C2+D2)=0,0,E2/(C2+D2))
A3: Monitors | B3: =COUNTIF(Data!C2:C47,A3) | C3: =SUMIF(Data!C2:C47,A3,Data!D2:D47) | D3: =SUMIF(Data!C2:C47,A3,Data!E2:E47) | E3: =SUMIF(Data!C2:C47,A3,Data!F2:F47) | F3: =SUMIF(Data!C2:C47,A3,Data!G2:G47) | G3: =SUMIF(Data!C2:C47,A3,Data!I2:I47) | H3: =IF(F3=0,0,G3/F3) | I3: =IF((C3+D3)=0,0,E3/(C3+D3))
A4: Peripherals | B4: =COUNTIF(Data!C2:C47,A4) | C4: =SUMIF(Data!C2:C47,A4,Data!D2:D47) | D4: =SUMIF(Data!C2:C47,A4,Data!E2:E47) | E4: =SUMIF(Data!C2:C47,A4,Data!F2:F47) | F4: =SUMIF(Data!C2:C47,A4,Data!G2:G47) | G4: =SUMIF(Data!C2:C47,A4,Data!I2:I47) | H4: =IF(F4=0,0,G4/F4) | I4: =IF((C4+D4)=0,0,E4/(C4+D4))
A5: Audio | B5: =COUNTIF(Data!C2:C47,A5) | C5: =SUMIF(Data!C2:C47,A5,Data!D2:D47) | D5: =SUMIF(Data!C2:C47,A5,Data!E2:E47) | E5: =SUMIF(Data!C2:C47,A5,Data!F2:F47) | F5: =SUMIF(Data!C2:C47,A5,Data!G2:G47) | G5: =SUMIF(Data!C2:C47,A5,Data!I2:I47) | H5: =IF(F5=0,0,G5/F5) | I5: =IF((C5+D5)=0,0,E5/(C5+D5))
A6: Networking | B6: =COUNTIF(Data!C2:C47,A6) | C6: =SUMIF(Data!C2:C47,A6,Data!D2:D47) | D6: =SUMIF(Data!C2:C47,A6,Data!E2:E47) | E6: =SUMIF(Data!C2:C47,A6,Data!F2:F47) | F6: =SUMIF(Data!C2:C47,A6,Data!G2:G47) | G6: =SUMIF(Data!C2:C47,A6,Data!I2:I47) | H6: =IF(F6=0,0,G6/F6) | I6: =IF((C6+D6)=0,0,E6/(C6+D6))
A7: Storage | B7: =COUNTIF(Data!C2:C47,A7) | C7: =SUMIF(Data!C2:C47,A7,Data!D2:D47) | D7: =SUMIF(Data!C2:C47,A7,Data!E2:E47) | E7: =SUMIF(Data!C2:C47,A7,Data!F2:F47) | F7: =SUMIF(Data!C2:C47,A7,Data!G2:G47) | G7: =SUMIF(Data!C2:C47,A7,Data!I2:I47) | H7: =IF(F7=0,0,G7/F7) | I7: =IF((C7+D7)=0,0,E7/(C7+D7))
A8: Components | B8: =COUNTIF(Data!C2:C47,A8) | C8: =SUMIF(Data!C2:C47,A8,Data!D2:D47) | D8: =SUMIF(Data!C2:C47,A8,Data!E2:E47) | E8: =SUMIF(Data!C2:C47,A8,Data!F2:F47) | F8: =SUMIF(Data!C2:C47,A8,Data!G2:G47) | G8: =SUMIF(Data!C2:C47,A8,Data!I2:I47) | H8: =IF(F8=0,0,G8/F8) | I8: =IF((C8+D8)=0,0,E8/(C8+D8))
A9: Gaming | B9: =COUNTIF(Data!C2:C47,A9) | C9: =SUMIF(Data!C2:C47,A9,Data!D2:D47) | D9: =SUMIF(Data!C2:C47,A9,Data!E2:E47) | E9: =SUMIF(Data!C2:C47,A9,Data!F2:F47) | F9: =SUMIF(Data!C2:C47,A9,Data!G2:G47) | G9: =SUMIF(Data!C2:C47,A9,Data!I2:I47) | H9: =IF(F9=0,0,G9/F9) | I9: =IF((C9+D9)=0,0,E9/(C9+D9))
A10: Accessories | B10: =COUNTIF(Data!C2:C47,A10) | C10: =SUMIF(Data!C2:C47,A10,Data!D2:D47) | D10: =SUMIF(Data!C2:C47,A10,Data!E2:E47) | E10: =SUMIF(Data!C2:C47,A10,Data!F2:F47) | F10: =SUMIF(Data!C2:C47,A10,Data!G2:G47) | G10: =SUMIF(Data!C2:C47,A10,Data!I2:I47) | H10: =IF(F10=0,0,G10/F10) | I10: =IF((C10+D10)=0,0,E10/(C10+D10))
A11: Furniture | B11: =COUNTIF(Data!C2:C47,A11) | C11: =SUMIF(Data!C2:C47,A11,Data!D2:D47) | D11: =SUMIF(Data!C2:C47,A11,Data!E2:E47) | E11: =SUMIF(Data!C2:C47,A11,Data!F2:F47) | F11: =SUMIF(Data!C2:C47,A11,Data!G2:G47) | G11: =SUMIF(Data!C2:C47,A11,Data!I2:I47) | H11: =IF(F11=0,0,G11/F11) | I11: =IF((C11+D11)=0,0,E11/(C11+D11))
A12: Total | B12: =SUM(B2:B11) | C12: =SUM(C2:C11) | D12: =SUM(D2:D11) | E12: =SUM(E2:E11) | F12: =SUM(F2:F11) | G12: =SUM(G2:G11) | H12: =IF(F12=0,0,G12/F12) | I12: =IF((C12+D12)=0,0,E12/(C12+D12))

Sheet Dashboard
A2: INVENTORY MANAGEMENT REPORT & KPI METRICS
A4: TOTAL PRODUCTS | C4: TOTAL OPENING STOCK | E4: TOTAL PURCHASES | G4: TOTAL UNITS SOLD | I4: TOTAL HAND-IN-STOCK | K4: INVENTORY VALUE | M4: OVERALL SELL-THROUGH
A5: =COUNTA(Data!A2:A47) | C5: =SUM(Data!D2:D47) | E5: =SUM(Data!E2:E47) | G5: =SUM(Data!F2:F47) | I5: =SUM(Data!G2:G47) | K5: =SUM(Data!I2:I47) | M5: =IF(SUM(Data!D2:D47)+SUM(Data!E2:E47)=0,0,SUM(Data!F2:F47)/(SUM(Data!D2:D47)+SUM(Data!E2:E47)))
